year,year_label,eia_mwh,ferc_mwh,eia_revenue,ferc_revenue
2017,2017,17754279.96,17754280,1737606737,1774195410
2018,2018,17197021.535,17186002,1717501735,1760150960
2019,2019,17304690.115,17304691,1745751557,1789303774
2020,2020,17423802.777,17423803,1800113311,1846082453
2021,2021,18296054.533,18296054,1992166000,2039484924
2022,2022,18905061.514,18905061,2110984054,2145143572
2023,2023,19131728.501,19131728,2353829725,2379994297
2024,2024,19272621.445,19272622,2751081902,2783029228
2025,2025,19968295.413,19968167,2928179950,2969346620
